{"User-based Precision":0.1459221822,"User-based Recall":0.3871398172,"User-based F1 Score":0.1952945357,"User-based MAP":0.1538990461,"User-based MRR":0.4717817009,"Item-based Precision":0.0153904736,"Item-based Recall":0.0408026282,"Item-based F1 Score":0.0205560947,"Item-based MAP":0.0065685036,"Item-based MRR":0.5699101525}