{"User-based Precision":0.126696206,"User-based Recall":0.3867621311,"User-based F1 Score":0.1724275974,"User-based MAP":0.1419213527,"User-based MRR":0.4296820052,"Item-based Precision":0.0131680975,"Item-based Recall":0.0392419489,"Item-based F1 Score":0.0177270468,"Item-based MAP":0.0061185929,"Item-based MRR":0.5773786334}