{"User-based Precision":0.162392689,"User-based Recall":0.3800677236,"User-based F1 Score":0.2126994264,"User-based MAP":0.1629835112,"User-based MRR":0.5106699471,"Item-based Precision":0.0190667405,"Item-based Recall":0.045141634,"Item-based F1 Score":0.0250847843,"Item-based MAP":0.007969816,"Item-based MRR":0.5697608075}