{"User-based Precision":0.1074425367,"User-based Recall":0.3859459683,"User-based F1 Score":0.1475254539,"User-based MAP":0.1312092678,"User-based MRR":0.3772064386,"Item-based Precision":0.0112018831,"Item-based Recall":0.0382355816,"Item-based F1 Score":0.0150892196,"Item-based MAP":0.0057563756,"Item-based MRR":0.5778473129}